id,first_name,last_name,email,gender,city,car_make,car_year,car_value,car_color
499,Sapphire,Myhill,smyhilldu@hhs.gov,Female,C_04,I,2003,59325,Yellow
500,Anetta,Burkin,aburkindv@indiatimes.com,Female,C_02,C,2003,72223,Indigo
501,Pattie,Hayen,phayendw@ifeng.com,Male,C_03,E,1988,15747,Khaki
502,Liam,Jerrams,ljerramsdx@hostgator.com,Male,C_06,C,1984,62374,Green
503,Ambrosio,Lambal,alambaldy@wired.com,Male,C_07,G,1992,78528,Turquoise
504,Kelli,Dusting,kdustingdz@usda.gov,Female,C_04,A,2013,49088,Turquoise
505,Karlens,Liveing,kliveinge0@wikispaces.com,Male,C_04,E,1996,62197,Red
506,Simeon,Passler,spasslere1@oakley.com,Male,C_06,C,1995,54255,Indigo
507,Doralia,De Coursey,ddecourseye2@desdev.cn,Female,C_02,H,2001,15237,Mauv
508,Annora,Skones,askonese3@vkontakte.ru,Female,C_03,I,2002,23620,Red
509,Sasha,Nind,sninde4@comsenz.com,Male,C_06,D,2010,71354,Puce
510,Meredithe,Skypp,mskyppe5@com.com,Female,C_04,E,2002,29704,Turquoise
511,Audie,Mullan,amullane6@kickstarter.com,Female,C_06,A,1997,59347,Pink
512,Merna,Gaish,mgaishe7@merriam-webster.com,Female,C_01,F,2004,24726,Indigo
513,Wheeler,Hollows,whollowse8@reverbnation.com,Male,C_06,A,2007,49583,Goldenrod
514,Nanni,Raoux,nraouxe9@va.gov,Female,C_03,C,2005,56229,Mauv
515,Francisca,Morican,fmoricanea@census.gov,Female,C_06,C,2012,75648,Turquoise
516,Berke,Navaro,bnavaroeb@elegantthemes.com,Male,C_07,A,1998,30450,Green
517,Sloane,Temblett,stemblettec@ebay.co.uk,Male,C_04,B,1994,44254,Goldenrod
518,Morey,Fallanche,mfallancheed@instagram.com,Male,C_06,J,2006,34154,Yellow
519,Joannes,Borham,jborhamee@blinklist.com,Female,C_04,J,1965,15923,Yellow
520,Lindy,Sempill,lsempillef@freewebs.com,Female,C_02,J,2008,35333,Fuscia
521,Thedric,Sculpher,tsculphereg@wordpress.com,Male,C_04,F,2001,74385,Goldenrod
522,Armando,Kilgrew,akilgreweh@irs.gov,Male,C_01,A,1997,16830,Purple
523,Forrest,Carling,fcarlingei@weibo.com,Male,C_05,G,2008,23678,Maroon
524,Bren,Wilshin,bwilshinej@jimdo.com,Male,C_03,F,1989,50875,Violet
525,June,Shama,jshamaek@yelp.com,Female,C_03,A,2000,23598,Puce
526,Jackie,Sabbins,jsabbinsel@tuttocitta.it,Male,C_06,B,2008,18614,Goldenrod
527,Winny,Beine,wbeineem@oakley.com,Female,C_01,C,1998,17889,Indigo
528,Barbee,Whitney,bwhitneyen@usa.gov,Female,C_05,I,2005,23934,Puce
529,Constancia,Givens,cgivenseo@usgs.gov,Female,C_05,J,2009,53965,Mauv
530,Nelli,Jiracek,njiracekep@weibo.com,Female,C_04,D,1981,31925,Indigo
531,Moyra,Goncalo,mgoncaloeq@wikia.com,Female,C_04,I,2002,53270,Purple
532,Elane,Titlow,etitlower@nationalgeographic.com,Female,C_04,G,2004,25783,Teal
533,Otha,Coskerry,ocoskerryes@spotify.com,Female,C_05,J,1998,78619,Aquamarine
534,Mel,Hallagan,mhallaganet@ehow.com,Female,C_03,E,2000,58778,Green
535,Angelo,Gabrieli,agabrielieu@yahoo.com,Male,C_04,C,2006,44046,Turquoise
536,Korella,Dudleston,kdudlestonev@360.cn,Female,C_04,A,2004,37552,Orange
537,Jedediah,Buttress,jbuttressew@wikipedia.org,Male,C_03,A,2006,74769,Goldenrod
538,Grannie,Herculeson,gherculesonex@rambler.ru,Male,C_02,F,2001,31463,Puce
539,Alessandro,Gouldstraw,agouldstrawey@smh.com.au,Male,C_01,B,1998,65527,Turquoise
540,Leonard,Moff,lmoffez@apache.org,Male,C_01,B,1992,77225,Crimson
541,Ingunna,Blampied,iblampiedf0@imdb.com,Female,C_06,G,2005,17913,Fuscia
542,Rudolfo,Dowrey,rdowreyf1@ebay.co.uk,Male,C_04,A,1995,22612,Orange
543,Lock,Sandham,lsandhamf2@dot.gov,Male,C_05,I,1987,78233,Orange
544,Brantley,Odell,bodellf3@google.nl,Male,C_07,D,1994,45383,Aquamarine
545,Wendel,Parkin,wparkinf4@washingtonpost.com,Male,C_07,G,2012,76368,Maroon
546,Angeline,Mease,ameasef5@latimes.com,Female,C_05,E,2001,16254,Violet
547,Dulsea,Stivers,dstiversf6@cam.ac.uk,Female,C_02,J,2011,26164,Purple
548,Bing,Whisker,bwhiskerf7@imdb.com,Male,C_07,B,2000,60880,Orange
549,Fons,Skinley,fskinleyf8@narod.ru,Male,C_07,D,2008,77708,Pink
550,Chev,Drife,cdrifef9@myspace.com,Male,C_03,B,2002,37671,Orange
551,Harcourt,Yurkevich,hyurkevichfa@rediff.com,Male,C_01,D,2005,74547,Violet
552,Roxane,Finlator,rfinlatorfb@vkontakte.ru,Female,C_06,G,2008,44336,Goldenrod
553,Ferdinand,Tooby,ftoobyfc@booking.com,Male,C_07,C,1987,46348,Teal
554,Orella,Maunders,omaundersfd@quantcast.com,Female,C_03,E,2004,72510,Orange
555,Allene,Grimestone,agrimestonefe@sakura.ne.jp,Female,C_06,J,2011,17220,Turquoise
556,Gwendolin,Weagener,gweagenerff@wsj.com,Female,C_07,C,1988,57258,Puce
557,Even,Piddlesden,epiddlesdenfg@cdc.gov,Male,C_04,C,1997,27307,Mauv
558,Sidonnie,MacColm,smaccolmfh@gov.uk,Female,C_06,D,2006,39907,Khaki
559,Nollie,Mirams,nmiramsfi@walmart.com,Female,C_05,F,2009,37166,Khaki
560,Duffie,Stanmore,dstanmorefj@abc.net.au,Male,C_05,C,2004,25189,Teal
561,Gregoor,Garstang,ggarstangfk@hatena.ne.jp,Male,C_04,B,1993,38382,Pink
562,Beatrix,Walkinshaw,bwalkinshawfl@usatoday.com,Female,C_02,I,1990,47603,Puce
563,Dominick,Olive,dolivefm@globo.com,Male,C_03,G,2004,30893,Teal
564,Khalil,Borchardt,kborchardtfn@hibu.com,Male,C_01,H,2009,33701,Orange
565,Federico,Eccleshall,feccleshallfo@google.fr,Male,C_05,D,2006,69314,Pink
566,Maye,Newdick,mnewdickfp@squarespace.com,Female,C_06,G,1972,35140,Teal
567,Stinky,Castanyer,scastanyerfq@umich.edu,Male,C_07,F,1999,27096,Purple
568,Ellen,Betterton,ebettertonfr@google.fr,Female,C_05,E,1993,52987,Indigo
569,Kristin,Dyer,kdyerfs@irs.gov,Female,C_05,J,2013,62224,Turquoise
570,Rafaello,McCaw,rmccawft@about.com,Male,C_03,B,1985,44506,Puce
571,Pooh,Aldhous,paldhousfu@multiply.com,Male,C_04,A,1997,71628,Blue
572,Cammy,Lory,cloryfv@businessweek.com,Male,C_07,D,1995,42945,Aquamarine
573,Celestia,Harteley,charteleyfw@histats.com,Female,C_02,A,1995,49284,Aquamarine
574,Dalila,Heineking,dheinekingfx@gnu.org,Female,C_04,G,2005,40792,Puce
575,Pauly,Frankland,pfranklandfy@reference.com,Male,C_07,G,1996,26983,Maroon
576,Maris,Lardge,mlardgefz@constantcontact.com,Female,C_06,I,2000,39584,Maroon
577,Addie,Gorse,agorseg0@google.ca,Female,C_02,C,1985,50355,Blue
578,Farlie,Skerritt,fskerrittg1@hugedomains.com,Male,C_04,H,2009,27670,Blue
579,Lorna,Kanwell,lkanwellg2@loc.gov,Female,C_05,G,2010,63226,Orange
580,Ellen,Pagett,epagettg3@shareasale.com,Female,C_03,C,1995,39124,Violet
581,Quillan,Bickerton,qbickertong4@wired.com,Male,C_07,B,2001,72489,Aquamarine
582,Natale,Oram,noramg5@digg.com,Male,C_02,F,1999,53895,Turquoise
583,Galvin,Vecard,gvecardg6@cbsnews.com,Male,C_02,D,1998,71418,Puce
584,Saunder,Squibbes,ssquibbesg7@deliciousdays.com,Male,C_04,C,2007,61034,Khaki
585,Frederic,Crammy,fcrammyg8@hatena.ne.jp,Male,C_07,C,1976,53932,Indigo
586,Christian,Koenraad,ckoenraadg9@indiegogo.com,Male,C_05,F,1994,55362,Teal
587,Jammie,Bickley,jbickleyga@canalblog.com,Female,C_07,H,1987,58178,Puce
588,Karney,Skitteral,kskitteralgb@eventbrite.com,Male,C_03,E,2001,76436,Puce
589,Freddy,Genders,fgendersgc@mysql.com,Male,C_06,F,2007,26966,Fuscia
590,Laurence,MacCheyne,lmaccheynegd@seesaa.net,Male,C_07,A,2012,19172,Khaki
591,Thalia,Harbron,tharbronge@un.org,Female,C_07,D,1986,46612,Pink
592,Reese,Boner,rbonergf@liveinternet.ru,Male,C_05,B,2011,68749,Indigo
593,Kaja,Mayow,kmayowgg@nymag.com,Female,C_05,I,2005,31019,Indigo
594,Sonnnie,Weatherell,sweatherellgh@imageshack.us,Female,C_06,H,2006,35356,Aquamarine
595,Thornton,Snow,tsnowgi@prweb.com,Male,C_07,E,1997,70365,Indigo
596,Christoper,Ketteman,ckettemangj@buzzfeed.com,Male,C_04,H,2000,57722,Turquoise
597,Hayward,Pollen,hpollengk@weebly.com,Male,C_03,D,2012,68945,Mauv
598,Chen,Ouldcott,couldcottgl@cbc.ca,Male,C_02,C,2007,71452,Violet
599,Pietro,Tollady,ptolladygm@un.org,Male,C_06,E,2007,79536,Violet
600,Chloe,Dexter,cdextergn@usnews.com,Female,C_07,D,1995,78675,Indigo
601,Fina,Stiegar,fstiegargo@samsung.com,Female,C_01,H,2011,49845,Pink
602,Ondrea,Longfellow,olongfellowgp@delicious.com,Female,C_01,G,2006,61166,Red
603,Daisie,Sunderland,dsunderlandgq@nyu.edu,Female,C_03,E,2006,28653,Turquoise
604,Rahel,Escalante,rescalantegr@paginegialle.it,Female,C_03,H,2003,20081,Puce
605,Montague,How to preserve,mhowtopreservegs@angelfire.com,Male,C_06,E,1996,24600,Indigo
606,Pietra,Chippin,pchippingt@bluehost.com,Female,C_01,D,2002,60350,Teal
607,Robb,Pounsett,rpounsettgu@free.fr,Male,C_03,E,1991,67695,Blue
608,Karol,Madle,kmadlegv@4shared.com,Female,C_05,G,2002,74657,Goldenrod
609,Shara,Colgrave,scolgravegw@intel.com,Female,C_03,H,1995,71484,Maroon
610,Claudie,Langtree,clangtreegx@cbc.ca,Female,C_02,H,2002,45850,Orange
611,Elonore,Meriguet,emeriguetgy@hud.gov,Female,C_05,C,2012,54909,Goldenrod
612,Randolph,Dell'Abbate,rdellabbategz@nba.com,Male,C_05,E,2008,72720,Teal
613,Alverta,Tribe,atribeh0@topsy.com,Female,C_04,D,2011,18315,Goldenrod
614,Matty,Mines,mminesh1@imgur.com,Female,C_06,D,2011,48089,Aquamarine
615,Madelaine,Heaphy,mheaphyh2@kickstarter.com,Female,C_01,C,1987,17625,Green
616,Ginger,Antonopoulos,gantonopoulosh3@artisteer.com,Male,C_06,J,2008,34971,Khaki
617,Bettine,Killbey,bkillbeyh4@ocn.ne.jp,Female,C_03,F,2008,45131,Goldenrod
618,Nicol,Maudlin,nmaudlinh5@cbc.ca,Female,C_04,B,2000,63224,Maroon
619,Tomasine,Greatland,tgreatlandh6@purevolume.com,Female,C_02,C,2006,54984,Khaki
620,Trever,Jacklin,tjacklinh7@de.vu,Male,C_05,J,2007,59337,Pink
621,Atlante,Drynan,adrynanh8@plala.or.jp,Female,C_05,G,2000,64805,Aquamarine
622,Mellisent,Daunter,mdaunterh9@unesco.org,Female,C_07,G,2009,22588,Orange
623,Courtney,Kenworth,ckenworthha@quantcast.com,Male,C_01,F,1992,54903,Goldenrod
624,Kylila,Whitchurch,kwhitchurchhb@phoca.cz,Female,C_06,A,1993,38968,Maroon
625,Jabez,Urey,jureyhc@economist.com,Male,C_04,C,1986,53016,Crimson
626,Jillian,Viscovi,jviscovihd@discovery.com,Female,C_05,D,2012,30395,Teal
627,Alfred,Hully,ahullyhe@uol.com.br,Male,C_06,E,1968,55513,Aquamarine
628,Isak,Janko,ijankohf@paypal.com,Male,C_01,E,1994,45590,Red
629,Peter,Frazier,pfrazierhg@cnn.com,Male,C_07,G,1992,77448,Puce
630,Renault,Cameli,rcamelihh@slashdot.org,Male,C_05,B,1997,69352,Indigo
631,Loni,Ambroix,lambroixhi@scientificamerican.com,Female,C_01,F,1992,22545,Khaki
632,Tobey,O'Nowlan,tonowlanhj@networksolutions.com,Female,C_02,J,2006,72172,Orange
633,Janenna,Keith,jkeithhk@unblog.fr,Female,C_06,J,2002,61759,Yellow
634,Hillier,Jannasch,hjannaschhl@timesonline.co.uk,Male,C_02,D,1994,50229,Yellow
635,Duane,Niemiec,dniemiechm@psu.edu,Male,C_02,A,2005,30873,Goldenrod
636,Ben,Beadman,bbeadmanhn@economist.com,Male,C_02,A,2003,65679,Teal
637,Mia,Matijasevic,mmatijasevicho@kickstarter.com,Female,C_05,I,1989,48376,Blue
638,Charmion,Simmonds,csimmondshp@reddit.com,Female,C_07,I,2009,71726,Yellow
639,Krishna,Cazereau,kcazereauhq@newyorker.com,Male,C_06,C,1991,50633,Khaki
640,Tabb,Carlesso,tcarlessohr@bigcartel.com,Male,C_03,G,2005,37250,Teal
641,Baily,Brew,bbrewhs@nbcnews.com,Male,C_07,G,2004,60756,Yellow
642,Laurette,Petett,lpetettht@qq.com,Female,C_05,A,2008,59261,Green
643,Cory,Danforth,cdanforthhu@nymag.com,Female,C_07,J,2004,71297,Aquamarine
644,Rafe,Boswell,rboswellhv@wufoo.com,Male,C_01,I,2012,68942,Pink
645,Olivero,Pikesley,opikesleyhw@nbcnews.com,Male,C_04,G,1994,16980,Red
646,Mohammed,Robley,mrobleyhx@quantcast.com,Male,C_05,I,1990,72631,Mauv
647,Ebenezer,Yarwood,eyarwoodhy@salon.com,Male,C_05,A,1995,27579,Orange
648,Eolande,Makiver,emakiverhz@google.com.br,Female,C_06,J,1998,35605,Blue
649,Opal,Heeks,oheeksi0@oakley.com,Female,C_01,G,1997,26554,Aquamarine
650,Lydia,Atyea,latyeai1@ucsd.edu,Female,C_04,B,2011,43454,Yellow
651,Maxy,Westpfel,mwestpfeli2@berkeley.edu,Female,C_01,J,2003,44289,Blue
652,Margaretha,Chown,mchowni3@seesaa.net,Female,C_07,F,1993,71333,Orange
653,Hattie,Bendixen,hbendixeni4@friendfeed.com,Female,C_02,E,1989,42143,Khaki
654,Boris,Gladbeck,bgladbecki5@wufoo.com,Male,C_07,D,1992,42978,Teal
655,Julie,De Carlo,jdecarloi6@deliciousdays.com,Male,C_02,H,1996,24093,Red
656,Ezri,Cochet,ecocheti7@topsy.com,Male,C_07,G,1994,37292,Turquoise
657,Donny,Bodd,dboddi8@surveymonkey.com,Male,C_01,D,2001,52486,Puce
658,Sapphire,Redding,sreddingi9@newsvine.com,Female,C_07,F,2003,59662,Purple
659,Chlo,Stiddard,cstiddardia@indiatimes.com,Female,C_05,F,1985,47622,Pink
660,Bendix,Sparke,bsparkeib@edublogs.org,Male,C_07,A,2004,70298,Khaki
661,Krispin,Leethem,kleethemic@ovh.net,Male,C_06,B,1990,35597,Red
662,Rorke,Rowbury,rrowburyid@shareasale.com,Male,C_07,F,1988,76688,Puce
663,Paolina,Gwillym,pgwillymie@businessweek.com,Female,C_04,H,2000,43690,Aquamarine
664,Aline,Thompsett,athompsettif@slideshare.net,Female,C_07,G,1992,51348,Green
665,Deidre,Lerego,dleregoig@nature.com,Female,C_05,J,1992,40487,Indigo
666,Lotty,Beningfield,lbeningfieldih@infoseek.co.jp,Female,C_01,B,1985,27617,Aquamarine
667,Darda,Proudler,dproudlerii@typepad.com,Female,C_05,E,2004,78979,Mauv
668,Catlee,Coleridge,ccoleridgeij@ocn.ne.jp,Female,C_05,H,2004,60608,Green
669,Dulcie,Melin,dmelinik@goodreads.com,Female,C_03,A,1991,17854,Teal
670,Taylor,Heimes,theimesil@bluehost.com,Male,C_03,A,1994,19896,Puce
671,Claribel,Aliberti,calibertiim@hugedomains.com,Female,C_04,H,1995,66640,Mauv
672,Emilia,Tams,etamsin@twitpic.com,Female,C_01,C,2001,47522,Green
673,Harland,Rivel,hrivelio@lycos.com,Male,C_07,H,2002,40540,Violet
674,Donnie,Klugman,dklugmanip@bandcamp.com,Female,C_02,J,1997,35325,Red
675,Tamera,Humbee,thumbeeiq@slashdot.org,Female,C_02,I,1985,55564,Green
676,Lilyan,Warrilow,lwarrilowir@photobucket.com,Female,C_01,F,2006,44227,Maroon
677,Petey,Hanway,phanwayis@mediafire.com,Male,C_01,G,2009,37772,Khaki
678,Gale,Milne,gmilneit@over-blog.com,Female,C_01,A,2007,15535,Pink
679,Lydon,Baldacchino,lbaldacchinoiu@webmd.com,Male,C_01,D,2006,68044,Aquamarine
680,Celinda,Kerley,ckerleyiv@privacy.gov.au,Female,C_04,C,1995,75633,Puce
681,Nerty,Oppie,noppieiw@sina.com.cn,Female,C_03,I,1990,32868,Aquamarine
682,Ezekiel,Mulvey,emulveyix@samsung.com,Male,C_06,D,2004,46752,Mauv
683,Levey,Brookz,lbrookziy@newyorker.com,Male,C_07,B,1994,63868,Fuscia
684,Correna,Giffon,cgiffoniz@goo.ne.jp,Female,C_07,A,1992,72963,Indigo
685,Livvy,Burnup,lburnupj0@blinklist.com,Female,C_06,D,1984,63797,Pink
686,Ethel,Lanchbery,elanchberyj1@biglobe.ne.jp,Female,C_06,E,1997,79068,Khaki
687,Gaylord,Blakeden,gblakedenj2@over-blog.com,Male,C_01,G,2006,67539,Pink
688,Erminie,Lunck,elunckj3@hostgator.com,Female,C_03,J,1984,31823,Fuscia
689,Myrle,Hubatsch,mhubatschj4@ning.com,Female,C_04,C,2009,39921,Pink
690,Dominica,Lambart,dlambartj5@studiopress.com,Female,C_04,D,1997,68448,Aquamarine
691,Symon,Salvage,ssalvagej6@123-reg.co.uk,Male,C_04,D,2010,19852,Purple
692,Arlyn,Camacho,acamachoj7@sfgate.com,Female,C_06,H,1997,79585,Blue
693,Lyell,Klemt,lklemtj8@tripadvisor.com,Male,C_02,E,1994,76128,Turquoise
694,Bobbi,Schnitter,bschnitterj9@comcast.net,Female,C_05,D,2008,39763,Teal
695,Susann,Bert,sbertja@dailymotion.com,Female,C_02,H,2005,71870,Aquamarine
696,Roxine,McGeachy,rmcgeachyjb@nhs.uk,Female,C_07,H,1989,33580,Puce
697,Tammy,Keymer,tkeymerjc@washingtonpost.com,Male,C_06,J,1994,71223,Red
698,Carolan,Planke,cplankejd@nifty.com,Female,C_04,D,2012,29048,Puce
699,Joyous,Teissier,jteissierje@addthis.com,Female,C_05,J,2011,20525,Purple
700,Shirley,Balbeck,sbalbeckjf@youku.com,Female,C_03,F,2001,56421,Maroon
701,Lydon,Hawthorn,lhawthornjg@timesonline.co.uk,Male,C_06,B,2009,74732,Goldenrod
702,Sid,Seston,ssestonjh@prweb.com,Male,C_02,B,2011,76981,Turquoise
703,Alvy,Trett,atrettji@plala.or.jp,Male,C_05,E,2003,59857,Puce
704,Odille,Gooday,ogoodayjj@weebly.com,Female,C_05,F,2000,35327,Khaki
705,Kimberley,Chatainier,kchatainierjk@wikia.com,Female,C_03,D,2001,70743,Turquoise
706,Cookie,O'Downe,codownejl@simplemachines.org,Female,C_05,J,2011,17371,Goldenrod
707,Roseann,Astill,rastilljm@hao123.com,Female,C_07,I,1998,40123,Teal
708,Pauly,Nehlsen,pnehlsenjn@sfgate.com,Female,C_06,J,1987,26076,Crimson
709,Roy,Arber,rarberjo@state.gov,Male,C_07,B,2012,60983,Pink
710,Langsdon,Cathery,lcatheryjp@i2i.jp,Male,C_01,B,1997,39378,Mauv
711,Aldin,Avramov,aavramovjq@bloglovin.com,Male,C_05,H,2005,23675,Teal
712,Allis,Kubal,akubaljr@java.com,Female,C_07,B,2008,59202,Aquamarine
713,Jacquenette,Boultwood,jboultwoodjs@elegantthemes.com,Female,C_03,B,2002,70306,Crimson
714,Homerus,Tersay,htersayjt@blinklist.com,Male,C_01,B,2011,29895,Crimson
715,Eldin,Beincken,ebeinckenju@aboutads.info,Male,C_03,H,2011,18452,Red
716,Marleen,Stallen,mstallenjv@comsenz.com,Female,C_07,G,1986,69600,Indigo
717,Marylynne,Basten,mbastenjw@mac.com,Female,C_04,C,2011,45670,Puce
718,Dorolisa,Banstead,dbansteadjx@theguardian.com,Female,C_06,C,2003,33120,Yellow
719,Vanessa,Gosden,vgosdenjy@discovery.com,Female,C_06,C,2001,70491,Purple
720,Morton,Lapides,mlapidesjz@blogtalkradio.com,Male,C_02,G,2003,28904,Maroon
721,Grier,Gallaway,ggallawayk0@linkedin.com,Female,C_04,G,2011,42096,Khaki
722,Fabio,Sanday,fsandayk1@godaddy.com,Male,C_06,C,2007,75172,Teal
723,Loydie,Goodby,lgoodbyk2@china.com.cn,Male,C_06,J,2002,65813,Blue
724,Lion,Peotz,lpeotzk3@washingtonpost.com,Male,C_03,D,1996,28330,Yellow
725,Betsy,Bradburn,bbradburnk4@youtube.com,Female,C_04,B,1992,47110,Indigo
726,Berny,Matysiak,bmatysiakk5@youtube.com,Female,C_07,C,1995,29184,Violet
727,Mortimer,Mileham,mmilehamk6@redcross.org,Male,C_02,F,1988,41830,Khaki
728,Inesita,Philipson,iphilipsonk7@mediafire.com,Female,C_07,E,2005,28717,Indigo
729,Lissie,Colqueran,lcolquerank8@ucoz.ru,Female,C_04,C,2012,61194,Yellow
730,Jenifer,Ostler,jostlerk9@scribd.com,Female,C_06,D,1996,25061,Crimson
731,Lyon,Gaines,lgaineska@bluehost.com,Male,C_05,F,1986,46919,Yellow
732,Bertrando,Raddish,braddishkb@yale.edu,Male,C_05,E,2011,15078,Aquamarine
733,Phillipp,Lassey,plasseykc@123-reg.co.uk,Male,C_04,A,2006,40863,Purple
734,Dag,Mordan,dmordankd@domainmarket.com,Male,C_03,H,1989,77810,Green
735,Tiphanie,Heigl,theiglke@weebly.com,Female,C_03,B,2010,47435,Teal
736,Yolanthe,Sheryn,ysherynkf@cloudflare.com,Female,C_07,B,1993,34115,Goldenrod
737,Hogan,Stone,hstonekg@dion.ne.jp,Male,C_04,G,2002,33351,Goldenrod
738,Juliana,Pignon,jpignonkh@mac.com,Female,C_07,E,1999,25967,Purple
739,Lexine,Beven,lbevenki@cafepress.com,Female,C_02,J,1999,28715,Fuscia
740,Fay,Josskovitz,fjosskovitzkj@jimdo.com,Female,C_07,I,1986,23312,Teal
741,Melania,Matkin,mmatkinkk@un.org,Female,C_02,I,2010,18406,Khaki
742,Andriana,Seabert,aseabertkl@google.fr,Female,C_03,B,1986,74224,Blue
743,Mateo,Brundall,mbrundallkm@bizjournals.com,Male,C_02,D,1997,64852,Teal
744,Teador,Stodd,tstoddkn@odnoklassniki.ru,Male,C_01,A,1999,79302,Fuscia
745,Codi,FitzGeorge,cfitzgeorgeko@naver.com,Female,C_03,G,2012,58935,Puce
746,Beatrice,Schellig,bschelligkp@yelp.com,Female,C_05,F,2010,28712,Turquoise
747,Wilmer,Jerzycowski,wjerzycowskikq@symantec.com,Male,C_02,D,1988,59775,Blue
748,Hermie,Shinfield,hshinfieldkr@rakuten.co.jp,Male,C_05,H,2005,40906,Puce
749,Merrili,Matthieson,mmatthiesonks@psu.edu,Female,C_06,B,1989,75910,Puce
750,Ailbert,Garralts,agarraltskt@ow.ly,Male,C_05,E,2001,46384,Fuscia
751,Sharline,Claypool,sclaypoolku@cdc.gov,Female,C_02,I,2006,27692,Maroon
752,Brenden,Chatelain,bchatelainkv@unesco.org,Male,C_03,J,2005,23095,Turquoise
753,Skye,Normanell,snormanellkw@google.it,Male,C_06,E,1997,69638,Indigo
754,Hendrik,Silby,hsilbykx@vk.com,Male,C_01,B,1999,30497,Red
755,Leigha,Armitage,larmitageky@cpanel.net,Female,C_03,F,1987,62626,Fuscia
756,Celka,Dooler,cdoolerkz@dagondesign.com,Female,C_06,I,2000,30419,Fuscia
757,Juli,Calbrathe,jcalbrathel0@vkontakte.ru,Female,C_01,C,2012,71459,Orange
758,Chico,Ronci,croncil1@jiathis.com,Male,C_06,F,2004,28198,Red
759,Eugenia,Coursor,ecoursorl2@scribd.com,Female,C_02,B,1992,30830,Goldenrod
760,Raquel,Zanotti,rzanottil3@opera.com,Female,C_01,A,1993,77397,Fuscia
761,Felic,Louch,flouchl4@trellian.com,Male,C_03,D,2002,77290,Goldenrod
762,Johan,Braidford,jbraidfordl5@intel.com,Male,C_06,E,1995,23805,Pink
763,Blayne,Littrik,blittrikl6@mac.com,Male,C_06,C,2012,74209,Khaki
764,Valentine,Zarfati,vzarfatil7@hibu.com,Female,C_01,H,1994,62624,Fuscia
765,Thea,Dunlap,tdunlapl8@ebay.com,Female,C_05,C,2000,50635,Yellow
766,Christian,Ransbury,cransburyl9@cocolog-nifty.com,Female,C_01,H,2009,66213,Crimson
767,Brianna,Hannabuss,bhannabussla@ocn.ne.jp,Female,C_02,J,2003,78067,Teal
768,Clementina,Welden,cweldenlb@netlog.com,Female,C_06,D,2011,48326,Khaki
769,Shelton,McBean,smcbeanlc@uol.com.br,Male,C_06,B,2013,58093,Purple
770,Norrie,Blaw,nblawld@sfgate.com,Male,C_06,F,2009,20329,Mauv
771,Annabella,Rey,areyle@cocolog-nifty.com,Female,C_01,C,2005,44957,Puce
772,Lishe,Beneteau,lbeneteaulf@cisco.com,Female,C_05,C,2010,58022,Purple
773,Levin,Hills,lhillslg@princeton.edu,Male,C_04,F,2008,51626,Maroon
774,Josee,Milillo,jmilillolh@forbes.com,Female,C_05,C,1992,63637,Teal
775,Micaela,Wyleman,mwylemanli@cisco.com,Female,C_05,G,1997,36757,Teal
776,Sawyere,Pendock,spendocklj@qq.com,Male,C_02,I,2000,19795,Orange
777,Dorey,Patise,dpatiselk@mac.com,Female,C_04,I,1992,53382,Pink
778,Filbert,Gilling,fgillingll@springer.com,Male,C_02,G,2011,47574,Turquoise
779,Viola,Jakeman,vjakemanlm@answers.com,Female,C_07,J,2001,32247,Khaki
780,Tobey,Bramstom,tbramstomln@cnn.com,Female,C_04,D,2008,65839,Maroon
781,Kari,Costy,kcostylo@51.la,Female,C_07,A,1993,50771,Purple
782,Amie,Boldry,aboldrylp@tmall.com,Female,C_06,D,1990,65568,Pink
783,Tobey,Splevins,tsplevinslq@tiny.cc,Female,C_01,G,1998,77831,Mauv
784,Jaquelyn,Abdee,jabdeelr@twitpic.com,Female,C_04,G,1993,28703,Puce
785,Pebrook,Mattes,pmattesls@yandex.ru,Male,C_06,E,2000,63020,Teal
786,Pammy,Ornillos,pornilloslt@nature.com,Female,C_05,C,2009,50418,Violet
787,Elliott,McHarry,emcharrylu@taobao.com,Male,C_07,I,1993,18963,Fuscia
788,Marcille,Biles,mbileslv@ucla.edu,Female,C_01,H,1996,29956,Blue
789,Roanne,Bohike,rbohikelw@google.ru,Female,C_02,J,2012,74167,Violet
790,Ida,Minty,imintylx@guardian.co.uk,Female,C_05,A,2012,53278,Purple
791,Sherlock,Tailby,stailbyly@issuu.com,Male,C_04,E,2011,47853,Maroon
792,Carlos,Botterell,cbotterelllz@dell.com,Male,C_06,C,2008,74497,Puce
793,Axel,Cantero,acanterom0@harvard.edu,Male,C_06,B,2012,35974,Mauv
794,Boothe,Drinnan,bdrinnanm1@smh.com.au,Male,C_03,G,2012,45032,Fuscia
795,Eileen,Perkinson,eperkinsonm2@cafepress.com,Female,C_04,B,1988,20020,Khaki
796,Lissie,Mowsley,lmowsleym3@berkeley.edu,Female,C_07,C,1988,77364,Puce
797,Felix,McKall,fmckallm4@ft.com,Male,C_04,G,1992,15523,Violet
798,Bria,Howland,bhowlandm5@google.com.br,Female,C_01,D,2002,70167,Red
799,Lettie,Davet,ldavetm6@aol.com,Female,C_04,F,2011,66028,Indigo
800,Jeanelle,McGreay,jmcgreaym7@cbsnews.com,Female,C_03,F,2011,50880,Puce
801,Errol,Spurdens,espurdensm8@bloglines.com,Male,C_06,E,2007,41180,Indigo
802,Carmela,Allaker,callakerm9@sbwire.com,Female,C_07,B,2001,41929,Khaki
803,Chauncey,Scruby,cscrubyma@cbc.ca,Male,C_01,A,2002,36585,Indigo
804,Priscilla,Estick,pestickmb@gnu.org,Female,C_07,J,1999,56680,Indigo
805,Margalo,Larroway,mlarrowaymc@odnoklassniki.ru,Female,C_04,A,2011,73449,Puce
806,Saunderson,Tamlett,stamlettmd@techcrunch.com,Male,C_01,B,1987,23773,Maroon
807,Raddy,Walak,rwalakme@businessweek.com,Male,C_03,I,1986,33341,Blue
808,Bobinette,Tax,btaxmf@free.fr,Female,C_01,B,2009,53339,Orange
809,Staci,Mc Gorley,smcgorleymg@hibu.com,Female,C_01,D,1995,30122,Pink
810,Ulick,Edridge,uedridgemh@oakley.com,Male,C_07,D,2010,55191,Red
811,Tana,Poznanski,tpoznanskimi@qq.com,Female,C_01,J,2003,17471,Red
812,Theressa,Curtain,tcurtainmj@nature.com,Female,C_04,A,1993,34293,Orange
813,Llewellyn,Fedorski,lfedorskimk@jiathis.com,Male,C_04,H,1994,45818,Orange
814,Torry,Wormleighton,twormleightonml@canalblog.com,Male,C_05,D,2007,15617,Pink
815,Lief,Ottey,lotteymm@bravesites.com,Male,C_02,F,2007,37581,Turquoise
816,Chrysa,Clemerson,cclemersonmn@csmonitor.com,Female,C_02,H,2003,47457,Pink
817,Lilllie,Christofides,lchristofidesmo@addtoany.com,Female,C_06,F,1991,53487,Mauv
818,Donica,Calvard,dcalvardmp@cornell.edu,Female,C_06,B,2006,72843,Mauv
819,Orran,Newiss,onewissmq@samsung.com,Male,C_05,D,2002,45157,Aquamarine
820,Nickolai,Trounson,ntrounsonmr@skyrock.com,Male,C_04,E,1993,74774,Khaki
821,Lula,O'Deoran,lodeoranms@weebly.com,Female,C_06,D,2001,74554,Purple
822,Kristos,Gryglewski,kgryglewskimt@wikipedia.org,Male,C_01,E,1993,63370,Blue
823,Mady,Hoggan,mhogganmu@about.me,Female,C_03,J,1991,74466,Orange
824,Timi,Wattins,twattinsmv@youtu.be,Female,C_02,C,2010,49579,Puce
825,Rubia,Percifull,rpercifullmw@si.edu,Female,C_07,H,1987,23829,Green
826,Lulita,Godsal,lgodsalmx@go.com,Female,C_01,G,2010,21844,Violet
827,Conny,Pollok,cpollokmy@skype.com,Female,C_06,A,1998,42014,Turquoise
828,Tabbie,Shanahan,tshanahanmz@admin.ch,Female,C_06,B,1993,59677,Purple
829,Joleen,Slany,jslanyn0@wunderground.com,Female,C_01,B,1996,29067,Fuscia
830,Warren,Billham,wbillhamn1@ucla.edu,Male,C_01,E,2001,53790,Maroon
831,Harmon,Hogben,hhogbenn2@microsoft.com,Male,C_06,A,2011,69954,Fuscia
832,Danit,Keen,dkeenn3@paypal.com,Female,C_04,I,2004,56605,Khaki
833,Sancho,Daintier,sdaintiern4@sciencedaily.com,Male,C_04,J,2006,66582,Red
834,Elke,Stendall,estendalln5@opensource.org,Female,C_02,C,2000,76664,Goldenrod
835,Shell,Barstow,sbarstown6@surveymonkey.com,Male,C_02,B,2002,39037,Crimson
836,Robina,Garrish,rgarrishn7@sohu.com,Female,C_01,C,2009,50938,Puce
837,Brina,Hathway,bhathwayn8@guardian.co.uk,Female,C_03,A,2004,38957,Fuscia
838,Sydelle,Alvaro,salvaron9@prlog.org,Female,C_07,F,2002,62608,Purple
839,Martainn,Clewarth,mclewarthna@e-recht24.de,Male,C_06,C,2011,64588,Blue
840,Skelly,Hardstaff,shardstaffnb@bluehost.com,Male,C_06,G,1989,59428,Aquamarine
841,Estell,Lipprose,elipprosenc@etsy.com,Female,C_04,B,2012,26504,Violet
842,Anabella,Disbrey,adisbreynd@sitemeter.com,Female,C_07,G,1985,69065,Pink
843,Claresta,Fillery,cfilleryne@liveinternet.ru,Female,C_07,F,2004,44702,Pink
844,Michaela,De Lorenzo,mdelorenzonf@pcworld.com,Female,C_06,D,1993,55541,Orange
845,Elfrieda,Malins,emalinsng@drupal.org,Female,C_05,E,2009,27452,Turquoise
846,Abby,Westbury,awestburynh@infoseek.co.jp,Male,C_02,J,1990,23103,Yellow
847,Cooper,Roloff,croloffni@tumblr.com,Male,C_04,A,2006,79812,Aquamarine
848,Godfry,Tomaszewski,gtomaszewskinj@t.co,Male,C_03,F,1993,73443,Violet
849,Jeramey,Trower,jtrowernk@nsw.gov.au,Male,C_07,D,2011,33711,Orange
850,Mateo,Bennen,mbennennl@java.com,Male,C_01,I,2013,39319,Puce
851,Floria,Semrad,fsemradnm@mail.ru,Female,C_01,I,2005,72685,Aquamarine
852,Will,Eggleton,weggletonnn@senate.gov,Male,C_05,F,2012,30338,Fuscia
853,Hobard,Galfour,hgalfourno@google.pl,Male,C_06,C,2008,24562,Goldenrod
854,Josias,Belz,jbelznp@wix.com,Male,C_07,J,2008,23399,Purple
855,Delly,Stedson,dstedsonnq@scientificamerican.com,Female,C_04,F,1987,68535,Teal
856,Roseanne,Ferier,rferiernr@ihg.com,Female,C_04,H,1995,38179,Yellow
857,Paulo,Wheater,pwheaterns@skype.com,Male,C_03,E,1992,70721,Green
858,Bryon,Kilpatrick,bkilpatricknt@upenn.edu,Male,C_05,B,2004,56390,Red
859,Town,Owenson,towensonnu@kickstarter.com,Male,C_02,A,2008,40393,Mauv
860,Berna,Yerby,byerbynv@economist.com,Female,C_06,A,2005,22260,Green
861,Britte,Stedall,bstedallnw@adobe.com,Female,C_03,H,2001,23652,Yellow
862,Brady,Hecks,bhecksnx@ucoz.com,Male,C_03,B,2009,25816,Teal
863,Missie,Wernher,mwernherny@europa.eu,Female,C_01,J,2009,59213,Turquoise
864,Leontyne,Foote,lfootenz@is.gd,Female,C_04,J,2004,66978,Turquoise
865,Fae,Harp,fharpo0@mlb.com,Female,C_06,D,1995,31894,Maroon
866,Emmye,Koubu,ekoubuo1@economist.com,Female,C_06,F,1962,29740,Mauv
867,Wyatan,Crannis,wcranniso2@admin.ch,Male,C_07,C,1986,26424,Orange
868,Abbe,Titcomb,atitcombo3@odnoklassniki.ru,Male,C_01,F,2006,60314,Teal
869,Friedrick,Wych,fwycho4@arizona.edu,Male,C_06,C,2006,25479,Goldenrod
870,Verile,Bowater,vbowatero5@nih.gov,Female,C_02,J,2009,41416,Pink
871,Dodie,Lidyard,dlidyardo6@redcross.org,Female,C_07,J,2007,70729,Green
872,Manya,De Filippi,mdefilippio7@prweb.com,Female,C_02,D,2006,58525,Puce
873,Klaus,Jouhning,kjouhningo8@hostgator.com,Male,C_06,B,2005,59245,Purple
874,Retha,Philippet,rphilippeto9@fema.gov,Female,C_02,D,2007,57493,Violet
875,Kelsi,Carrel,kcarreloa@histats.com,Female,C_05,I,2009,65608,Aquamarine
876,Sax,Dubery,sduberyob@furl.net,Male,C_03,J,2012,67805,Turquoise
877,Antonin,Seacroft,aseacroftoc@tamu.edu,Male,C_01,A,1986,76043,Red
878,Jeannie,Boichat,jboichatod@businesswire.com,Female,C_02,E,2012,69560,Indigo
879,Remus,Jayne,rjayneoe@github.com,Male,C_02,H,2011,53408,Purple
880,Itch,Jordon,ijordonof@bigcartel.com,Male,C_03,C,2004,18195,Violet
881,Frankie,Raffin,fraffinog@mayoclinic.com,Male,C_04,A,2004,53541,Turquoise
882,Gretal,Joseff,gjoseffoh@washingtonpost.com,Female,C_06,C,2004,35472,Indigo
883,Oona,Naire,onaireoi@sfgate.com,Female,C_07,G,1993,64346,Indigo
884,Ginni,Tebbett,gtebbettoj@timesonline.co.uk,Female,C_04,E,2001,24924,Indigo
885,Kingston,Demkowicz,kdemkowiczok@cisco.com,Male,C_06,J,2008,70663,Mauv
886,Shalna,Mawd,smawdol@fastcompany.com,Female,C_05,G,1994,74068,Puce
887,Cale,Stanney,cstanneyom@hatena.ne.jp,Male,C_02,D,2011,26467,Maroon
888,Cara,Medina,cmedinaon@networksolutions.com,Female,C_03,J,1992,49877,Mauv
889,Blanche,Jerrand,bjerrandoo@twitter.com,Female,C_07,J,2003,20016,Khaki
890,Lorri,Blaszczak,lblaszczakop@hc360.com,Female,C_06,D,1993,57487,Puce
891,Vivyan,Markwell,vmarkwelloq@about.me,Female,C_02,H,1992,52644,Purple
892,Kalindi,Breen,kbreenor@godaddy.com,Female,C_04,F,2012,28517,Teal
893,Niki,Pottiphar,npottipharos@blogtalkradio.com,Male,C_04,J,1992,46963,Crimson
894,Thia,Lamborn,tlambornot@dot.gov,Female,C_06,F,2004,64100,Indigo
895,Casey,King,ckingou@facebook.com,Male,C_01,B,2005,17824,Pink
896,Douglass,Jeffery,djefferyov@cbsnews.com,Male,C_03,G,2000,17503,Red
897,Nari,Booij,nbooijow@seattletimes.com,Female,C_07,I,2000,49095,Maroon
898,Juan,Morse,jmorseox@nba.com,Male,C_06,H,1998,71736,Aquamarine
899,Agnella,Reeson,areesonoy@bluehost.com,Female,C_04,H,1995,31364,Blue
900,Gwenny,Jikylls,gjikyllsoz@yahoo.co.jp,Female,C_01,D,2002,43380,Green
901,Morty,Morkham,mmorkhamp0@gmpg.org,Male,C_06,D,2000,73994,Turquoise
902,Guenevere,Shout,gshoutp1@edublogs.org,Female,C_01,E,2001,75316,Indigo
903,Jaimie,Swansbury,jswansburyp2@seesaa.net,Female,C_05,E,1988,34290,Turquoise
904,Saxe,Hove,shovep3@vistaprint.com,Male,C_04,B,2001,30250,Puce
905,Dew,Andriessen,dandriessenp4@instagram.com,Male,C_02,H,1996,52852,Mauv
906,Malinda,Piell,mpiellp5@intel.com,Female,C_04,F,1993,61409,Maroon
907,Ainslie,Vaggers,avaggersp6@spiegel.de,Female,C_06,A,2006,64336,Red
908,Ivett,Goodfield,igoodfieldp7@theguardian.com,Female,C_06,H,1997,64447,Goldenrod
909,Gawen,Rosgen,grosgenp8@addthis.com,Male,C_02,F,2007,15418,Goldenrod
910,Zenia,Paradyce,zparadycep9@dot.gov,Female,C_06,C,2006,17331,Pink
911,Kym,Ginty,kgintypa@cdc.gov,Female,C_05,E,2002,18405,Teal
912,Fields,Sammars,fsammarspb@nifty.com,Male,C_04,F,2012,18584,Puce
913,Jehu,Hopkyns,jhopkynspc@homestead.com,Male,C_06,B,2011,62029,Puce
914,Dominik,Batalle,dbatallepd@cnet.com,Male,C_05,B,1985,72879,Puce
915,Carmelle,Mayer,cmayerpe@ocn.ne.jp,Female,C_07,G,2007,18724,Indigo
916,Jodie,Saltman,jsaltmanpf@imageshack.us,Female,C_06,J,2007,44331,Violet
917,Avie,Oliveira,aoliveirapg@youtube.com,Female,C_03,H,2006,79765,Blue
918,Amery,Leftridge,aleftridgeph@imgur.com,Male,C_04,B,1998,27889,Aquamarine
919,Jacqueline,Gerrietz,jgerrietzpi@boston.com,Female,C_02,C,1988,17021,Yellow
920,Davey,Yitzovitz,dyitzovitzpj@shareasale.com,Male,C_05,B,1973,69730,Khaki
921,Hogan,Van Der Weedenburg,hvanderweedenburgpk@altervista.org,Male,C_03,H,1993,46580,Goldenrod
922,Bobbe,Bliven,bblivenpl@goodreads.com,Female,C_07,H,1985,48703,Mauv
923,Errol,Behn,ebehnpm@istockphoto.com,Male,C_01,A,1995,35643,Pink
924,Elston,Sturridge,esturridgepn@theatlantic.com,Male,C_02,G,2008,49454,Pink
925,Melly,Barry,mbarrypo@facebook.com,Female,C_03,C,2010,66285,Green
926,Hermine,Riordan,hriordanpp@geocities.com,Female,C_04,C,2005,57757,Mauv
927,Arluene,Marriage,amarriagepq@blogs.com,Female,C_03,I,1996,41605,Puce
928,Jayson,Burstow,jburstowpr@java.com,Male,C_01,D,2000,54988,Red
929,Tammi,Doldon,tdoldonps@surveymonkey.com,Female,C_06,I,1993,58838,Pink
930,Temp,Bolstridge,tbolstridgept@ustream.tv,Male,C_01,I,2008,53699,Yellow
931,Bertrando,Heathwood,bheathwoodpu@yellowbook.com,Male,C_05,I,2007,65363,Aquamarine
932,Isadore,Piddle,ipiddlepv@netscape.com,Male,C_02,E,1989,27814,Puce
933,Brita,Scinelli,bscinellipw@tuttocitta.it,Female,C_01,D,2012,44779,Teal
934,Artemus,Iacovucci,aiacovuccipx@goo.ne.jp,Male,C_07,H,2001,21886,Orange
935,Herb,Teather,hteatherpy@amazon.de,Male,C_02,E,2009,45478,Puce
936,Stephi,Stephen,sstephenpz@baidu.com,Female,C_03,C,2013,54052,Pink
937,Elsworth,Dakhno,edakhnoq0@bigcartel.com,Male,C_07,I,1998,25083,Green
938,Holden,Nasi,hnasiq1@forbes.com,Male,C_05,E,2007,37425,Pink
939,Dorothea,Pedder,dpedderq2@cam.ac.uk,Female,C_01,D,1996,23890,Green
940,Howie,Clement,hclementq3@guardian.co.uk,Male,C_04,C,1992,38996,Khaki
941,Hubert,Attwell,hattwellq4@addtoany.com,Male,C_07,A,1999,68744,Crimson
942,Syman,Pettersen,spettersenq5@ihg.com,Male,C_04,D,1998,23191,Crimson
943,Mano,Jarville,mjarvilleq6@cbslocal.com,Male,C_01,J,1992,33890,Goldenrod
944,Pansie,Vinck,pvinckq7@plala.or.jp,Female,C_06,H,2008,31727,Blue
945,Arman,Bursnall,abursnallq8@artisteer.com,Male,C_05,C,1986,19559,Orange
946,Karin,Rosellini,kroselliniq9@geocities.com,Female,C_03,H,1997,29216,Yellow
947,Tallie,Harle,tharleqa@cafepress.com,Male,C_05,E,2012,53502,Blue
948,Agna,Nerheny,anerhenyqb@ft.com,Female,C_06,F,2012,44526,Puce
949,Melisande,Heino,mheinoqc@lulu.com,Female,C_01,B,2009,16778,Puce
950,Jayson,Seide,jseideqd@histats.com,Male,C_05,F,1984,38216,Red
951,Gearalt,Pagden,gpagdenqe@blogger.com,Male,C_03,C,2004,57632,Yellow
952,Pate,Boshell,pboshellqf@godaddy.com,Male,C_07,F,1985,60928,Blue
953,Sissie,Jills,sjillsqg@php.net,Female,C_06,J,2011,72500,Pink
954,Stern,Gurnell,sgurnellqh@engadget.com,Male,C_01,H,2003,31593,Mauv
955,Roby,Rentz,rrentzqi@typepad.com,Female,C_07,J,2004,56170,Purple
956,Ryan,Beauly,rbeaulyqj@nyu.edu,Male,C_07,A,2009,64549,Aquamarine
957,Berni,Arnke,barnkeqk@umn.edu,Female,C_05,I,2003,19694,Yellow
958,Nanette,Piddick,npiddickql@xinhuanet.com,Female,C_03,H,2008,76528,Fuscia
959,Brockie,Snoxell,bsnoxellqm@princeton.edu,Male,C_03,B,2008,69868,Fuscia
960,Alastair,Fargie,afargieqn@over-blog.com,Male,C_05,C,2013,71814,Teal
961,Annabella,Durgan,adurganqo@acquirethisname.com,Female,C_07,H,1998,43511,Khaki
962,Carr,Oddboy,coddboyqp@guardian.co.uk,Male,C_04,B,2002,62514,Mauv
963,Dilly,Hoodlass,dhoodlassqq@so-net.ne.jp,Male,C_01,E,2004,76441,Purple
964,Myrwyn,Le Count,mlecountqr@webnode.com,Male,C_05,E,2003,35281,Khaki
965,Allie,Bingham,abinghamqs@imdb.com,Female,C_07,E,1992,54770,Orange
966,Armstrong,Assinder,aassinderqt@dion.ne.jp,Male,C_03,B,2005,77461,Purple
967,Rochell,Garrity,rgarrityqu@hud.gov,Female,C_01,J,2010,71264,Goldenrod
968,Immanuel,Caldecott,icaldecottqv@ihg.com,Male,C_04,I,2011,76638,Turquoise
969,Jecho,Coen,jcoenqw@theatlantic.com,Male,C_07,G,2000,69407,Crimson
970,Britt,Ubanks,bubanksqx@google.co.jp,Male,C_02,A,1994,69704,Pink
971,Estevan,Streeter,estreeterqy@webeden.co.uk,Male,C_05,H,1988,79922,Goldenrod
972,Wolfie,Linbohm,wlinbohmqz@cloudflare.com,Male,C_03,F,1993,37704,Mauv
973,Hugues,Baigrie,hbaigrier0@youtube.com,Male,C_05,H,1996,61221,Teal
974,Andrus,Pavel,apavelr1@devhub.com,Male,C_07,G,2008,46423,Blue
975,Yalonda,Canny,ycannyr2@google.co.jp,Female,C_05,D,2000,53865,Blue
976,Ailina,Roset,arosetr3@tumblr.com,Female,C_03,A,2002,76510,Yellow
977,Agustin,Louis,alouisr4@liveinternet.ru,Male,C_01,G,2012,40523,Purple
978,Othilie,Lamborn,olambornr5@nymag.com,Female,C_07,C,1999,58686,Green
979,Kaylil,Winfindine,kwinfindiner6@ning.com,Female,C_06,J,2007,25028,Maroon
980,Ami,Djordjevic,adjordjevicr7@un.org,Female,C_02,C,1986,20651,Violet
981,Venita,Wooffinden,vwooffindenr8@jimdo.com,Female,C_06,A,1962,30179,Mauv
982,Leanor,Gregorowicz,lgregorowiczr9@cnn.com,Female,C_04,D,2007,42886,Orange
983,Marlin,Hildrew,mhildrewra@barnesandnoble.com,Male,C_03,G,1993,26356,Turquoise
984,Crystal,Gawke,cgawkerb@netlog.com,Female,C_06,C,2000,61120,Pink
985,Kingsly,O'Malley,komalleyrc@de.vu,Male,C_04,J,2000,30991,Crimson
986,Constantina,Alyukin,calyukinrd@meetup.com,Female,C_03,I,1993,41475,Turquoise
987,Vivyanne,Betty,vbettyre@spotify.com,Female,C_06,G,2003,63798,Mauv
988,Tony,Ginn,tginnrf@51.la,Female,C_01,H,2001,20179,Turquoise
989,Silvan,Conrad,sconradrg@wikia.com,Male,C_03,A,2007,55052,Green
990,Timmy,Coopper,tcoopperrh@blog.com,Female,C_01,G,1994,46576,Purple
991,Kane,Gatland,kgatlandri@howstuffworks.com,Male,C_04,B,1995,24918,Green
992,Alric,Franseco,afransecorj@delicious.com,Male,C_06,I,1983,20322,Violet
993,Margareta,Trevon,mtrevonrk@bbb.org,Female,C_02,B,1995,62233,Pink
994,Daphna,Aronsohn,daronsohnrl@google.es,Female,C_07,H,1996,20968,Violet
995,Skelly,Shiel,sshielrm@smugmug.com,Male,C_06,I,1995,72203,Blue
996,Perice,Althorpe,palthorpern@imdb.com,Male,C_03,D,2010,29193,Violet
997,Gerladina,Boutcher,gboutcherro@mysql.com,Female,C_04,J,2003,45108,Turquoise
998,Maurice,Shawell,mshawellrp@dropbox.com,Male,C_02,D,2003,16074,Khaki
999,Yovonnda,Matthai,ymatthairq@ifeng.com,Female,C_07,C,2013,28008,Yellow
1000,Serge,Labusquiere,slabusquiererr@google.com.au,Male,C_07,E,1996,55910,Teal